{
  "extensions": [
    {
      "name": "Startup",
      "typeName": "Microsoft.Azure.WebJobs.Extensions.FunctionMetadataLoader.Startup, Microsoft.Azure.WebJobs.Extensions.FunctionMetadataLoader, Version=1.0.0.0, Culture=neutral, PublicKeyToken=551316b6919f366c",
      "hintPath": "./.azurefunctions/Microsoft.Azure.WebJobs.Extensions.FunctionMetadataLoader.dll"
    },
    {
      "name": "EventHubs",
      "typeName": "Microsoft.Azure.WebJobs.EventHubs.EventHubsWebJobsStartup, Microsoft.Azure.WebJobs.EventHubs, Version=4.2.0.0, Culture=neutral, PublicKeyToken=31bf3856ad364e35",
      "hintPath": "./.azurefunctions/Microsoft.Azure.WebJobs.EventHubs.dll"
    }
  ]
}