{
  "IsEncrypted": false,
  "Values": {
    "AzureWebJobsStorage": "",
    "FUNCTIONS_WORKER_RUNTIME": "java",
    "JAVA_HOME": "/Library/Java/JavaVirtualMachines/temurin-11.jdk/Contents/Home",
    "APPLICATIONINSIGHTS_CONNECTION_STRING" : "InstrumentationKey=2c0081d4-6d4e-4106-9303-b794ad6221e5;IngestionEndpoint=https://westus2-2.in.applicationinsights.azure.com/",
    "JAVA_OPTS": "-javaagent:/Users/efedorenko/work/javafunction/applicationinsights-agent-3.2.3.jar",
    "STORAGE_ENDPOINT": "https://storageaccountiotst9052.blob.core.windows.net/",
    "STORAGE_CONTAINER_NAME": "iot"
  }
}
